"Cluster","ID","Description","GeneRatio","BgRatio","pvalue","p.adjust","qvalue","geneID","Count"
"V4","dok00220","Arginine biosynthesis","7/37","8/320",1.18241939897065e-06,4.61143565598552e-05,4.231816796316e-05,"MED134_03489/MED134_11916/MED134_11926/MED134_11936/MED134_11941/MED134_11946/MED134_12616",7
"V4","dok01230","Biosynthesis of amino acids","10/37","28/320",0.000373743581848784,0.0072879998460513,0.00668804304360983,"MED134_03489/MED134_09211/MED134_09321/MED134_11916/MED134_11921/MED134_11926/MED134_11936/MED134_11941/MED134_11946/MED134_12616",10
"V4","dok00250","Alanine, aspartate and glutamate metabolism","5/37","11/320",0.00437156228736332,0.0426227323017923,0.0391139783606191,"MED134_01325/MED134_03489/MED134_11946/MED134_12616/MED134_14787",5
"V4","dok01210","2-Oxocarboxylic acid metabolism","5/37","11/320",0.00437156228736332,0.0426227323017923,0.0391139783606191,"MED134_11916/MED134_11926/MED134_11936/MED134_11941/MED134_12616",5
"V6","dok03010","Ribosome","35/113","38/320",9.42092940624433e-15,4.52204611499728e-13,4.52204611499728e-13,"MED134_00530/MED134_00535/MED134_00540/MED134_00640/MED134_01655/MED134_02245/MED134_02250/MED134_02415/MED134_02950/MED134_03869/MED134_04064/MED134_05104/MED134_05109/MED134_05114/MED134_07661/MED134_08401/MED134_12391/MED134_12396/MED134_12416/MED134_12421/MED134_12426/MED134_12431/MED134_12436/MED134_12441/MED134_12446/MED134_12451/MED134_12456/MED134_12461/MED134_12466/MED134_12476/MED134_12481/MED134_12486/MED134_12491/MED134_12501/MED134_12526",35
